source_latitude,source_longitude,target_latitude,target_longitude,value
42.546245,1.601554,23.424076,53.847818,3.148977637
33.93911,67.709953,17.060816,-61.796428,7.260326865
18.220554,-63.068615,41.153332,20.168331,9.61927466
40.069099,45.038189,12.226079,-69.060087,3.21947546
-11.202692,17.873887,-75.250973,-0.071389,5.706878358
-38.416097,-63.616672,-14.270972,-170.132217,6.084911915
47.516231,14.550072,-25.274398,133.775136,4.501866823